{"cameraMode":{"drawMode":0,"name":"Shaded","section":"Shading Mode"},"sceneLighting":true,"audioPlay":false,"sceneViewState":{"showFog":false,"showMaterialUpdate":false,"showSkybox":false,"showFlares":false,"showImageEffects":false,"showParticleSystems":false},"in2DMode":false,"pivot":{"x":-0.4557552933692932,"y":1.090691089630127,"z":11.835152626037598},"rotation":{"x":0.3402826189994812,"y":0.35226377844810488,"z":-0.13927271962165833,"w":0.8606875538825989},"size":28.578840255737306,"orthographic":false}