{"cameraMode":{"drawMode":0,"name":"Shaded","section":"Shading Mode"},"sceneLighting":true,"audioPlay":false,"sceneViewState":{"showFog":false,"showMaterialUpdate":false,"showSkybox":false,"showFlares":false,"showImageEffects":false,"showParticleSystems":false},"in2DMode":false,"pivot":{"x":5.896657943725586,"y":1.4976056814193726,"z":-20.25111961364746},"rotation":{"x":0.2388571947813034,"y":0.09594853967428208,"z":-0.02372591942548752,"w":0.9660165905952454},"size":1.7462774515151978,"orthographic":false}